Turn,Speaker,Cue,Capsules,Capsules OIE
0,Leolani2,,,
1,,"Nice to see you! I've told you my name, but what about yours? Stranger?",,"[{'chat': 105, 'turn': 0, 'author': 'Leolani', 'utterance': ""Nice to see you! I've told you my name, but what about yours? Stranger?"", 'utterance_type': 'STATEMENT', 'position': '0-71', 'subject': {'label': 'Nice', 'type': []}, 'predicate': {'label': 'see', 'type': []}, 'object': {'label': 'you', 'type': []}, 'perspective': {}, 'context_id': None, 'date': '2022-02-19T01:22:36.309433', 'place': '', 'place_id': None, 'country': '', 'region': '', 'city': '', 'objects': [], 'people': []}]"
2,,Rishvik Chandel,,
3,,So your name is Rishvik_Chandel?,,"[{'chat': 105, 'turn': 2, 'author': 'Leolani', 'utterance': 'So your name is Rishvik_Chandel?', 'utterance_type': 'STATEMENT', 'position': '0-32', 'subject': {'label': 'your name', 'type': []}, 'predicate': {'label': 'is', 'type': []}, 'object': {'label': 'Rishvik_Chandel', 'type': []}, 'perspective': {}, 'context_id': None, 'date': '2022-02-19T01:22:49.252014', 'place': '', 'place_id': None, 'country': '', 'region': '', 'city': '', 'objects': [], 'people': []}, {'chat': 105, 'turn': 2, 'author': 'Leolani', 'utterance': 'So your name is Rishvik_Chandel?', 'utterance_type': 'STATEMENT', 'position': '0-32', 'subject': {'label': 'your name', 'type': []}, 'predicate': {'label': 'is', 'type': []}, 'object': {'label': 'So Rishvik_Chandel', 'type': []}, 'perspective': {}, 'context_id': None, 'date': '2022-02-19T01:22:49.252014', 'place': '', 'place_id': None, 'country': '', 'region': '', 'city': '', 'objects': [], 'people': []}]"
4,Leolani2,yes,,
5,Rishvik_Chandel,Would you like to chat? I'll do my best to keep up,,"[{'chat': 105, 'turn': 4, 'author': 'Leolani', 'utterance': ""Would you like to chat? I'll do my best to keep up"", 'utterance_type': 'STATEMENT', 'position': '0-50', 'subject': {'label': 'I', 'type': []}, 'predicate': {'label': ""'ll do"", 'type': []}, 'object': {'label': 'my best', 'type': []}, 'perspective': {}, 'context_id': None, 'date': '2022-02-19T01:23:02.130035', 'place': '', 'place_id': None, 'country': '', 'region': '', 'city': '', 'objects': [], 'people': []}, {'chat': 105, 'turn': 4, 'author': 'Leolani', 'utterance': ""Would you like to chat? I'll do my best to keep up"", 'utterance_type': 'STATEMENT', 'position': '0-50', 'subject': {'label': 'you', 'type': []}, 'predicate': {'label': 'Would like', 'type': []}, 'object': {'label': 'chat', 'type': []}, 'perspective': {}, 'context_id': None, 'date': '2022-02-19T01:23:02.130035', 'place': '', 'place_id': None, 'country': '', 'region': '', 'city': '', 'objects': [], 'people': []}, {'chat': 105, 'turn': 4, 'author': 'Leolani', 'utterance': ""Would you like to chat? I'll do my best to keep up"", 'utterance_type': 'STATEMENT', 'position': '0-50', 'subject': {'label': 'you', 'type': []}, 'predicate': {'label': 'Would like', 'type': []}, 'object': {'label': 'to chat', 'type': []}, 'perspective': {}, 'context_id': None, 'date': '2022-02-19T01:23:02.130035', 'place': '', 'place_id': None, 'country': '', 'region': '', 'city': '', 'objects': [], 'people': []}]"
6,Leolani2,I like cars ,,"[{'chat': 105, 'turn': 5, 'author': 'Leolani', 'utterance': 'I like cars ', 'utterance_type': 'STATEMENT', 'position': '0-12', 'subject': {'label': 'I', 'type': []}, 'predicate': {'label': 'like', 'type': []}, 'object': {'label': 'cars', 'type': []}, 'perspective': {}, 'context_id': None, 'date': '2022-02-19T01:23:08.634335', 'place': '', 'place_id': None, 'country': '', 'region': '', 'city': '', 'objects': [], 'people': []}]"
7,Rishvik_Chandel,Let's chat!,,
8,Leolani2,I like cars,,"[{'chat': 105, 'turn': 7, 'author': 'Leolani', 'utterance': 'I like cars', 'utterance_type': 'STATEMENT', 'position': '0-11', 'subject': {'label': 'I', 'type': []}, 'predicate': {'label': 'like', 'type': []}, 'object': {'label': 'cars', 'type': []}, 'perspective': {}, 'context_id': None, 'date': '2022-02-19T01:23:21.692651', 'place': '', 'place_id': None, 'country': '', 'region': '', 'city': '', 'objects': [], 'people': []}]"
9,,Hello! Can you tell me your name Rishvik_Chandel?,,"[{'chat': 105, 'turn': 8, 'author': 'Leolani', 'utterance': 'Hello! Can you tell me your name Rishvik_Chandel?', 'utterance_type': 'STATEMENT', 'position': '0-49', 'subject': {'label': 'you', 'type': []}, 'predicate': {'label': 'Can tell', 'type': []}, 'object': {'label': 'Rishvik_Chandel', 'type': []}, 'perspective': {}, 'context_id': None, 'date': '2022-02-19T01:23:28.135708', 'place': '', 'place_id': None, 'country': '', 'region': '', 'city': '', 'objects': [], 'people': []}, {'chat': 105, 'turn': 8, 'author': 'Leolani', 'utterance': 'Hello! Can you tell me your name Rishvik_Chandel?', 'utterance_type': 'STATEMENT', 'position': '0-49', 'subject': {'label': 'you', 'type': []}, 'predicate': {'label': 'Can tell', 'type': []}, 'object': {'label': 'me', 'type': []}, 'perspective': {}, 'context_id': None, 'date': '2022-02-19T01:23:28.135708', 'place': '', 'place_id': None, 'country': '', 'region': '', 'city': '', 'objects': [], 'people': []}, {'chat': 105, 'turn': 8, 'author': 'Leolani', 'utterance': 'Hello! Can you tell me your name Rishvik_Chandel?', 'utterance_type': 'STATEMENT', 'position': '0-49', 'subject': {'label': 'you', 'type': []}, 'predicate': {'label': 'Can tell', 'type': []}, 'object': {'label': 'your name', 'type': []}, 'perspective': {}, 'context_id': None, 'date': '2022-02-19T01:23:28.135708', 'place': '', 'place_id': None, 'country': '', 'region': '', 'city': '', 'objects': [], 'people': []}, {'chat': 105, 'turn': 8, 'author': 'Leolani', 'utterance': 'Hello! Can you tell me your name Rishvik_Chandel?', 'utterance_type': 'STATEMENT', 'position': '0-49', 'subject': {'label': 'your', 'type': []}, 'predicate': {'label': 'name', 'type': []}, 'object': {'label': 'Rishvik_Chandel', 'type': []}, 'perspective': {}, 'context_id': None, 'date': '2022-02-19T01:23:28.135708', 'place': '', 'place_id': None, 'country': '', 'region': '', 'city': '', 'objects': [], 'people': []}]"
10,,Rishvik Chandel,,
11,,So your name is Rishvik_Chandel?,,"[{'chat': 105, 'turn': 10, 'author': 'Leolani', 'utterance': 'So your name is Rishvik_Chandel?', 'utterance_type': 'STATEMENT', 'position': '0-32', 'subject': {'label': 'your name', 'type': []}, 'predicate': {'label': 'is', 'type': []}, 'object': {'label': 'Rishvik_Chandel', 'type': []}, 'perspective': {}, 'context_id': None, 'date': '2022-02-19T01:23:41.067008', 'place': '', 'place_id': None, 'country': '', 'region': '', 'city': '', 'objects': [], 'people': []}, {'chat': 105, 'turn': 10, 'author': 'Leolani', 'utterance': 'So your name is Rishvik_Chandel?', 'utterance_type': 'STATEMENT', 'position': '0-32', 'subject': {'label': 'your name', 'type': []}, 'predicate': {'label': 'is', 'type': []}, 'object': {'label': 'So Rishvik_Chandel', 'type': []}, 'perspective': {}, 'context_id': None, 'date': '2022-02-19T01:23:41.067008', 'place': '', 'place_id': None, 'country': '', 'region': '', 'city': '', 'objects': [], 'people': []}]"
12,Leolani2,yes my name is Rishvik Chandel,,"[{'chat': 105, 'turn': 11, 'author': 'Leolani', 'utterance': 'yes my name is Rishvik Chandel', 'utterance_type': 'STATEMENT', 'position': '0-30', 'subject': {'label': 'my name', 'type': []}, 'predicate': {'label': 'is', 'type': []}, 'object': {'label': 'Rishvik Chandel', 'type': []}, 'perspective': {}, 'context_id': None, 'date': '2022-02-19T01:23:47.452466', 'place': '', 'place_id': None, 'country': '', 'region': '', 'city': '', 'objects': [], 'people': []}]"
13,Rishvik_Chandel,Let's chat!,,
14,Leolani2,I like cars,,"[{'chat': 105, 'turn': 13, 'author': 'Leolani', 'utterance': 'I like cars', 'utterance_type': 'STATEMENT', 'position': '0-11', 'subject': {'label': 'I', 'type': []}, 'predicate': {'label': 'like', 'type': []}, 'object': {'label': 'cars', 'type': []}, 'perspective': {}, 'context_id': None, 'date': '2022-02-19T01:24:00.397188', 'place': '', 'place_id': None, 'country': '', 'region': '', 'city': '', 'objects': [], 'people': []}]"
15,Rishvik_Chandel,Let me ask you something. What types can rishvik chandel like,,"[{'chat': 105, 'turn': 14, 'author': 'Leolani', 'utterance': 'Let me ask you something. What types can rishvik chandel like', 'utterance_type': 'STATEMENT', 'position': '0-61', 'subject': {'label': 'me', 'type': []}, 'predicate': {'label': 'ask', 'type': []}, 'object': {'label': 'you', 'type': []}, 'perspective': {}, 'context_id': None, 'date': '2022-02-19T01:24:06.881792', 'place': '', 'place_id': None, 'country': '', 'region': '', 'city': '', 'objects': [], 'people': []}, {'chat': 105, 'turn': 14, 'author': 'Leolani', 'utterance': 'Let me ask you something. What types can rishvik chandel like', 'utterance_type': 'STATEMENT', 'position': '0-61', 'subject': {'label': 'me', 'type': []}, 'predicate': {'label': 'ask', 'type': []}, 'object': {'label': 'something', 'type': []}, 'perspective': {}, 'context_id': None, 'date': '2022-02-19T01:24:06.881792', 'place': '', 'place_id': None, 'country': '', 'region': '', 'city': '', 'objects': [], 'people': []}]"
16,Leolani2,"I like cars, movies and poetry ",,"[{'chat': 105, 'turn': 15, 'author': 'Leolani', 'utterance': 'I like cars, movies and poetry ', 'utterance_type': 'STATEMENT', 'position': '0-31', 'subject': {'label': 'I', 'type': []}, 'predicate': {'label': 'like', 'type': []}, 'object': {'label': 'cars', 'type': []}, 'perspective': {}, 'context_id': None, 'date': '2022-02-19T01:24:13.429794', 'place': '', 'place_id': None, 'country': '', 'region': '', 'city': '', 'objects': [], 'people': []}]"
17,Rishvik_Chandel,Why?,,
18,Leolani2,I like movies,,"[{'chat': 105, 'turn': 17, 'author': 'Leolani', 'utterance': 'I like movies', 'utterance_type': 'STATEMENT', 'position': '0-13', 'subject': {'label': 'I', 'type': []}, 'predicate': {'label': 'like', 'type': []}, 'object': {'label': 'movies', 'type': []}, 'perspective': {}, 'context_id': None, 'date': '2022-02-19T01:24:26.371392', 'place': '', 'place_id': None, 'country': '', 'region': '', 'city': '', 'objects': [], 'people': []}]"
19,Rishvik_Chandel,I am curious. Has rishvik chandel ever be family of a person?,,"[{'chat': 105, 'turn': 18, 'author': 'Leolani', 'utterance': 'I am curious. Has rishvik chandel ever be family of a person?', 'utterance_type': 'STATEMENT', 'position': '0-61', 'subject': {'label': 'chandel', 'type': []}, 'predicate': {'label': 'be', 'type': []}, 'object': {'label': 'Has ever family', 'type': []}, 'perspective': {}, 'context_id': None, 'date': '2022-02-19T01:24:32.835872', 'place': '', 'place_id': None, 'country': '', 'region': '', 'city': '', 'objects': [], 'people': []}, {'chat': 105, 'turn': 18, 'author': 'Leolani', 'utterance': 'I am curious. Has rishvik chandel ever be family of a person?', 'utterance_type': 'STATEMENT', 'position': '0-61', 'subject': {'label': 'chandel', 'type': []}, 'predicate': {'label': 'be', 'type': []}, 'object': {'label': 'Has family', 'type': []}, 'perspective': {}, 'context_id': None, 'date': '2022-02-19T01:24:32.835872', 'place': '', 'place_id': None, 'country': '', 'region': '', 'city': '', 'objects': [], 'people': []}, {'chat': 105, 'turn': 18, 'author': 'Leolani', 'utterance': 'I am curious. Has rishvik chandel ever be family of a person?', 'utterance_type': 'STATEMENT', 'position': '0-61', 'subject': {'label': 'rishvik chandel', 'type': []}, 'predicate': {'label': 'be', 'type': []}, 'object': {'label': 'Has ever family of person', 'type': []}, 'perspective': {}, 'context_id': None, 'date': '2022-02-19T01:24:32.835872', 'place': '', 'place_id': None, 'country': '', 'region': '', 'city': '', 'objects': [], 'people': []}, {'chat': 105, 'turn': 18, 'author': 'Leolani', 'utterance': 'I am curious. Has rishvik chandel ever be family of a person?', 'utterance_type': 'STATEMENT', 'position': '0-61', 'subject': {'label': 'chandel', 'type': []}, 'predicate': {'label': 'be', 'type': []}, 'object': {'label': 'Has ever family of person', 'type': []}, 'perspective': {}, 'context_id': None, 'date': '2022-02-19T01:24:32.835872', 'place': '', 'place_id': None, 'country': '', 'region': '', 'city': '', 'objects': [], 'people': []}, {'chat': 105, 'turn': 18, 'author': 'Leolani', 'utterance': 'I am curious. Has rishvik chandel ever be family of a person?', 'utterance_type': 'STATEMENT', 'position': '0-61', 'subject': {'label': 'rishvik chandel', 'type': []}, 'predicate': {'label': 'be', 'type': []}, 'object': {'label': 'Has family', 'type': []}, 'perspective': {}, 'context_id': None, 'date': '2022-02-19T01:24:32.835872', 'place': '', 'place_id': None, 'country': '', 'region': '', 'city': '', 'objects': [], 'people': []}, {'chat': 105, 'turn': 18, 'author': 'Leolani', 'utterance': 'I am curious. Has rishvik chandel ever be family of a person?', 'utterance_type': 'STATEMENT', 'position': '0-61', 'subject': {'label': 'rishvik chandel', 'type': []}, 'predicate': {'label': 'be', 'type': []}, 'object': {'label': 'Has family of person', 'type': []}, 'perspective': {}, 'context_id': None, 'date': '2022-02-19T01:24:32.835872', 'place': '', 'place_id': None, 'country': '', 'region': '', 'city': '', 'objects': [], 'people': []}, {'chat': 105, 'turn': 18, 'author': 'Leolani', 'utterance': 'I am curious. Has rishvik chandel ever be family of a person?', 'utterance_type': 'STATEMENT', 'position': '0-61', 'subject': {'label': 'chandel', 'type': []}, 'predicate': {'label': 'be', 'type': []}, 'object': {'label': 'Has family of person', 'type': []}, 'perspective': {}, 'context_id': None, 'date': '2022-02-19T01:24:32.835872', 'place': '', 'place_id': None, 'country': '', 'region': '', 'city': '', 'objects': [], 'people': []}, {'chat': 105, 'turn': 18, 'author': 'Leolani', 'utterance': 'I am curious. Has rishvik chandel ever be family of a person?', 'utterance_type': 'STATEMENT', 'position': '0-61', 'subject': {'label': 'rishvik chandel', 'type': []}, 'predicate': {'label': 'be', 'type': []}, 'object': {'label': 'Has ever family', 'type': []}, 'perspective': {}, 'context_id': None, 'date': '2022-02-19T01:24:32.835872', 'place': '', 'place_id': None, 'country': '', 'region': '', 'city': '', 'objects': [], 'people': []}, {'chat': 105, 'turn': 18, 'author': 'Leolani', 'utterance': 'I am curious. Has rishvik chandel ever be family of a person?', 'utterance_type': 'STATEMENT', 'position': '0-61', 'subject': {'label': 'I', 'type': []}, 'predicate': {'label': 'am', 'type': []}, 'object': {'label': 'curious', 'type': []}, 'perspective': {}, 'context_id': None, 'date': '2022-02-19T01:24:32.835872', 'place': '', 'place_id': None, 'country': '', 'region': '', 'city': '', 'objects': [], 'people': []}]"
20,Leolani2,I bought new shoes,,"[{'chat': 105, 'turn': 19, 'author': 'Leolani', 'utterance': 'I bought new shoes', 'utterance_type': 'STATEMENT', 'position': '0-18', 'subject': {'label': 'I', 'type': []}, 'predicate': {'label': 'bought', 'type': []}, 'object': {'label': 'shoes', 'type': []}, 'perspective': {}, 'context_id': None, 'date': '2022-02-19T01:24:39.389339', 'place': '', 'place_id': None, 'country': '', 'region': '', 'city': '', 'objects': [], 'people': []}, {'chat': 105, 'turn': 19, 'author': 'Leolani', 'utterance': 'I bought new shoes', 'utterance_type': 'STATEMENT', 'position': '0-18', 'subject': {'label': 'I', 'type': []}, 'predicate': {'label': 'bought', 'type': []}, 'object': {'label': 'new shoes', 'type': []}, 'perspective': {}, 'context_id': None, 'date': '2022-02-19T01:24:39.389339', 'place': '', 'place_id': None, 'country': '', 'region': '', 'city': '', 'objects': [], 'people': []}]"
21,Rishvik_Chandel,"I just learned something, I am excited to get to know about you!",,"[{'chat': 105, 'turn': 20, 'author': 'Leolani', 'utterance': 'I just learned something, I am excited to get to know about you!', 'utterance_type': 'STATEMENT', 'position': '0-64', 'subject': {'label': 'I', 'type': []}, 'predicate': {'label': 'just learned', 'type': []}, 'object': {'label': 'something', 'type': []}, 'perspective': {}, 'context_id': None, 'date': '2022-02-19T01:24:45.897609', 'place': '', 'place_id': None, 'country': '', 'region': '', 'city': '', 'objects': [], 'people': []}, {'chat': 105, 'turn': 20, 'author': 'Leolani', 'utterance': 'I just learned something, I am excited to get to know about you!', 'utterance_type': 'STATEMENT', 'position': '0-64', 'subject': {'label': 'I', 'type': []}, 'predicate': {'label': 'get', 'type': []}, 'object': {'label': 'know', 'type': []}, 'perspective': {}, 'context_id': None, 'date': '2022-02-19T01:24:45.897609', 'place': '', 'place_id': None, 'country': '', 'region': '', 'city': '', 'objects': [], 'people': []}, {'chat': 105, 'turn': 20, 'author': 'Leolani', 'utterance': 'I just learned something, I am excited to get to know about you!', 'utterance_type': 'STATEMENT', 'position': '0-64', 'subject': {'label': 'I', 'type': []}, 'predicate': {'label': 'am', 'type': []}, 'object': {'label': 'excited', 'type': []}, 'perspective': {}, 'context_id': None, 'date': '2022-02-19T01:24:45.897609', 'place': '', 'place_id': None, 'country': '', 'region': '', 'city': '', 'objects': [], 'people': []}, {'chat': 105, 'turn': 20, 'author': 'Leolani', 'utterance': 'I just learned something, I am excited to get to know about you!', 'utterance_type': 'STATEMENT', 'position': '0-64', 'subject': {'label': 'I', 'type': []}, 'predicate': {'label': 'learned', 'type': []}, 'object': {'label': 'something', 'type': []}, 'perspective': {}, 'context_id': None, 'date': '2022-02-19T01:24:45.897609', 'place': '', 'place_id': None, 'country': '', 'region': '', 'city': '', 'objects': [], 'people': []}, {'chat': 105, 'turn': 20, 'author': 'Leolani', 'utterance': 'I just learned something, I am excited to get to know about you!', 'utterance_type': 'STATEMENT', 'position': '0-64', 'subject': {'label': 'I', 'type': []}, 'predicate': {'label': 'get', 'type': []}, 'object': {'label': 'to know about you', 'type': []}, 'perspective': {}, 'context_id': None, 'date': '2022-02-19T01:24:45.897609', 'place': '', 'place_id': None, 'country': '', 'region': '', 'city': '', 'objects': [], 'people': []}, {'chat': 105, 'turn': 20, 'author': 'Leolani', 'utterance': 'I just learned something, I am excited to get to know about you!', 'utterance_type': 'STATEMENT', 'position': '0-64', 'subject': {'label': 'I', 'type': []}, 'predicate': {'label': 'get', 'type': []}, 'object': {'label': 'know about you', 'type': []}, 'perspective': {}, 'context_id': None, 'date': '2022-02-19T01:24:45.897609', 'place': '', 'place_id': None, 'country': '', 'region': '', 'city': '', 'objects': [], 'people': []}, {'chat': 105, 'turn': 20, 'author': 'Leolani', 'utterance': 'I just learned something, I am excited to get to know about you!', 'utterance_type': 'STATEMENT', 'position': '0-64', 'subject': {'label': 'I', 'type': []}, 'predicate': {'label': 'get', 'type': []}, 'object': {'label': 'to know', 'type': []}, 'perspective': {}, 'context_id': None, 'date': '2022-02-19T01:24:45.897609', 'place': '', 'place_id': None, 'country': '', 'region': '', 'city': '', 'objects': [], 'people': []}]"
22,Leolani2,I am from India ,,"[{'chat': 105, 'turn': 21, 'author': 'Leolani', 'utterance': 'I am from India ', 'utterance_type': 'STATEMENT', 'position': '0-16', 'subject': {'label': 'I', 'type': []}, 'predicate': {'label': 'am from', 'type': []}, 'object': {'label': 'India', 'type': []}, 'perspective': {}, 'context_id': None, 'date': '2022-02-19T01:24:52.518881', 'place': '', 'place_id': None, 'country': '', 'region': '', 'city': '', 'objects': [], 'people': []}]"
23,Rishvik_Chandel,"I just learned something, I had never heard about india before!",,"[{'chat': 105, 'turn': 22, 'author': 'Leolani', 'utterance': 'I just learned something, I had never heard about india before!', 'utterance_type': 'STATEMENT', 'position': '0-63', 'subject': {'label': 'I', 'type': []}, 'predicate': {'label': 'had heard about', 'type': []}, 'object': {'label': 'india', 'type': []}, 'perspective': {}, 'context_id': None, 'date': '2022-02-19T01:24:59.053141', 'place': '', 'place_id': None, 'country': '', 'region': '', 'city': '', 'objects': [], 'people': []}, {'chat': 105, 'turn': 22, 'author': 'Leolani', 'utterance': 'I just learned something, I had never heard about india before!', 'utterance_type': 'STATEMENT', 'position': '0-63', 'subject': {'label': 'I', 'type': []}, 'predicate': {'label': 'just learned', 'type': []}, 'object': {'label': 'something', 'type': []}, 'perspective': {}, 'context_id': None, 'date': '2022-02-19T01:24:59.053141', 'place': '', 'place_id': None, 'country': '', 'region': '', 'city': '', 'objects': [], 'people': []}, {'chat': 105, 'turn': 22, 'author': 'Leolani', 'utterance': 'I just learned something, I had never heard about india before!', 'utterance_type': 'STATEMENT', 'position': '0-63', 'subject': {'label': 'I', 'type': []}, 'predicate': {'label': 'learned', 'type': []}, 'object': {'label': 'something', 'type': []}, 'perspective': {}, 'context_id': None, 'date': '2022-02-19T01:24:59.053141', 'place': '', 'place_id': None, 'country': '', 'region': '', 'city': '', 'objects': [], 'people': []}, {'chat': 105, 'turn': 22, 'author': 'Leolani', 'utterance': 'I just learned something, I had never heard about india before!', 'utterance_type': 'STATEMENT', 'position': '0-63', 'subject': {'label': 'I', 'type': []}, 'predicate': {'label': 'had heard before about', 'type': []}, 'object': {'label': 'india', 'type': []}, 'perspective': {}, 'context_id': None, 'date': '2022-02-19T01:24:59.053141', 'place': '', 'place_id': None, 'country': '', 'region': '', 'city': '', 'objects': [], 'people': []}]"
24,Leolani2,I live in Amsterdam,,"[{'chat': 105, 'turn': 23, 'author': 'Leolani', 'utterance': 'I live in Amsterdam', 'utterance_type': 'STATEMENT', 'position': '0-19', 'subject': {'label': 'I', 'type': []}, 'predicate': {'label': 'live in', 'type': []}, 'object': {'label': 'Amsterdam', 'type': []}, 'perspective': {}, 'context_id': None, 'date': '2022-02-19T01:25:05.564785', 'place': '', 'place_id': None, 'country': '', 'region': '', 'city': '', 'objects': [], 'people': []}]"
25,Rishvik_Chandel,This is news to me. I did not know anybody who live in amsterdam,,"[{'chat': 105, 'turn': 24, 'author': 'Leolani', 'utterance': 'This is news to me. I did not know anybody who live in amsterdam', 'utterance_type': 'STATEMENT', 'position': '0-64', 'subject': {'label': 'This', 'type': []}, 'predicate': {'label': 'is news to', 'type': []}, 'object': {'label': 'me', 'type': []}, 'perspective': {}, 'context_id': None, 'date': '2022-02-19T01:25:11.978950', 'place': '', 'place_id': None, 'country': '', 'region': '', 'city': '', 'objects': [], 'people': []}]"
26,Leolani2,I live in Amsterdam,,"[{'chat': 105, 'turn': 25, 'author': 'Leolani', 'utterance': 'I live in Amsterdam', 'utterance_type': 'STATEMENT', 'position': '0-19', 'subject': {'label': 'I', 'type': []}, 'predicate': {'label': 'live in', 'type': []}, 'object': {'label': 'Amsterdam', 'type': []}, 'perspective': {}, 'context_id': None, 'date': '2022-02-19T01:25:18.548099', 'place': '', 'place_id': None, 'country': '', 'region': '', 'city': '', 'objects': [], 'people': []}]"
27,Rishvik_Chandel,Let me ask you something. Has rishvik chandel live in location?,,"[{'chat': 105, 'turn': 26, 'author': 'Leolani', 'utterance': 'Let me ask you something. Has rishvik chandel live in location?', 'utterance_type': 'STATEMENT', 'position': '0-63', 'subject': {'label': 'chandel', 'type': []}, 'predicate': {'label': 'Has live in', 'type': []}, 'object': {'label': 'location', 'type': []}, 'perspective': {}, 'context_id': None, 'date': '2022-02-19T01:25:24.974556', 'place': '', 'place_id': None, 'country': '', 'region': '', 'city': '', 'objects': [], 'people': []}, {'chat': 105, 'turn': 26, 'author': 'Leolani', 'utterance': 'Let me ask you something. Has rishvik chandel live in location?', 'utterance_type': 'STATEMENT', 'position': '0-63', 'subject': {'label': 'me', 'type': []}, 'predicate': {'label': 'ask', 'type': []}, 'object': {'label': 'you', 'type': []}, 'perspective': {}, 'context_id': None, 'date': '2022-02-19T01:25:24.974556', 'place': '', 'place_id': None, 'country': '', 'region': '', 'city': '', 'objects': [], 'people': []}, {'chat': 105, 'turn': 26, 'author': 'Leolani', 'utterance': 'Let me ask you something. Has rishvik chandel live in location?', 'utterance_type': 'STATEMENT', 'position': '0-63', 'subject': {'label': 'me', 'type': []}, 'predicate': {'label': 'ask', 'type': []}, 'object': {'label': 'something', 'type': []}, 'perspective': {}, 'context_id': None, 'date': '2022-02-19T01:25:24.974556', 'place': '', 'place_id': None, 'country': '', 'region': '', 'city': '', 'objects': [], 'people': []}, {'chat': 105, 'turn': 26, 'author': 'Leolani', 'utterance': 'Let me ask you something. Has rishvik chandel live in location?', 'utterance_type': 'STATEMENT', 'position': '0-63', 'subject': {'label': 'rishvik chandel', 'type': []}, 'predicate': {'label': 'Has live in', 'type': []}, 'object': {'label': 'location', 'type': []}, 'perspective': {}, 'context_id': None, 'date': '2022-02-19T01:25:24.974556', 'place': '', 'place_id': None, 'country': '', 'region': '', 'city': '', 'objects': [], 'people': []}]"
28,Leolani2,who lives in Amsterdam,,
29,Rishvik_Chandel,Rishvik Chandel told me rishvik chandel live in amsterdam,,"[{'chat': 105, 'turn': 28, 'author': 'Leolani', 'utterance': 'Rishvik Chandel told me rishvik chandel live in amsterdam', 'utterance_type': 'STATEMENT', 'position': '0-57', 'subject': {'label': 'Rishvik Chandel', 'type': []}, 'predicate': {'label': 'told', 'type': []}, 'object': {'label': 'me', 'type': []}, 'perspective': {}, 'context_id': None, 'date': '2022-02-19T01:25:38.338445', 'place': '', 'place_id': None, 'country': '', 'region': '', 'city': '', 'objects': [], 'people': []}]"
30,Leolani2,who likes cars,,
31,Rishvik_Chandel,Rishvik Chandel told me rishvik chandel like cars,,"[{'chat': 105, 'turn': 30, 'author': 'Leolani', 'utterance': 'Rishvik Chandel told me rishvik chandel like cars', 'utterance_type': 'STATEMENT', 'position': '0-49', 'subject': {'label': 'Rishvik Chandel', 'type': []}, 'predicate': {'label': 'told', 'type': []}, 'object': {'label': 'chandel', 'type': []}, 'perspective': {}, 'context_id': None, 'date': '2022-02-19T01:25:51.494972', 'place': '', 'place_id': None, 'country': '', 'region': '', 'city': '', 'objects': [], 'people': []}, {'chat': 105, 'turn': 30, 'author': 'Leolani', 'utterance': 'Rishvik Chandel told me rishvik chandel like cars', 'utterance_type': 'STATEMENT', 'position': '0-49', 'subject': {'label': 'Rishvik Chandel', 'type': []}, 'predicate': {'label': 'told', 'type': []}, 'object': {'label': 'rishvik chandel like cars', 'type': []}, 'perspective': {}, 'context_id': None, 'date': '2022-02-19T01:25:51.494972', 'place': '', 'place_id': None, 'country': '', 'region': '', 'city': '', 'objects': [], 'people': []}, {'chat': 105, 'turn': 30, 'author': 'Leolani', 'utterance': 'Rishvik Chandel told me rishvik chandel like cars', 'utterance_type': 'STATEMENT', 'position': '0-49', 'subject': {'label': 'Rishvik Chandel', 'type': []}, 'predicate': {'label': 'told', 'type': []}, 'object': {'label': 'chandel like cars', 'type': []}, 'perspective': {}, 'context_id': None, 'date': '2022-02-19T01:25:51.494972', 'place': '', 'place_id': None, 'country': '', 'region': '', 'city': '', 'objects': [], 'people': []}, {'chat': 105, 'turn': 30, 'author': 'Leolani', 'utterance': 'Rishvik Chandel told me rishvik chandel like cars', 'utterance_type': 'STATEMENT', 'position': '0-49', 'subject': {'label': 'Rishvik Chandel', 'type': []}, 'predicate': {'label': 'told', 'type': []}, 'object': {'label': 'me', 'type': []}, 'perspective': {}, 'context_id': None, 'date': '2022-02-19T01:25:51.494972', 'place': '', 'place_id': None, 'country': '', 'region': '', 'city': '', 'objects': [], 'people': []}, {'chat': 105, 'turn': 30, 'author': 'Leolani', 'utterance': 'Rishvik Chandel told me rishvik chandel like cars', 'utterance_type': 'STATEMENT', 'position': '0-49', 'subject': {'label': 'Rishvik Chandel', 'type': []}, 'predicate': {'label': 'told', 'type': []}, 'object': {'label': 'rishvik chandel', 'type': []}, 'perspective': {}, 'context_id': None, 'date': '2022-02-19T01:25:51.494972', 'place': '', 'place_id': None, 'country': '', 'region': '', 'city': '', 'objects': [], 'people': []}]"
32,Leolani2,who is from India?,,
33,Rishvik_Chandel,I wouldn't know!,,
34,Leolani2,My family lives in India,,"[{'chat': 105, 'turn': 33, 'author': 'Leolani', 'utterance': 'My family lives in India', 'utterance_type': 'STATEMENT', 'position': '0-24', 'subject': {'label': 'My family', 'type': []}, 'predicate': {'label': 'lives in', 'type': []}, 'object': {'label': 'India', 'type': []}, 'perspective': {}, 'context_id': None, 'date': '2022-02-19T01:26:10.996953', 'place': '', 'place_id': None, 'country': '', 'region': '', 'city': '', 'objects': [], 'people': []}]"
35,Rishvik_Chandel,I see,,
36,Leolani2,Its raining outside ,,
37,Rishvik_Chandel,"But, why?",,
38,Leolani2,I love Indian food,,"[{'chat': 105, 'turn': 37, 'author': 'Leolani', 'utterance': 'I love Indian food', 'utterance_type': 'STATEMENT', 'position': '0-18', 'subject': {'label': 'I', 'type': []}, 'predicate': {'label': 'love', 'type': []}, 'object': {'label': 'food', 'type': []}, 'perspective': {}, 'context_id': None, 'date': '2022-02-19T01:26:36.928670', 'place': '', 'place_id': None, 'country': '', 'region': '', 'city': '', 'objects': [], 'people': []}, {'chat': 105, 'turn': 37, 'author': 'Leolani', 'utterance': 'I love Indian food', 'utterance_type': 'STATEMENT', 'position': '0-18', 'subject': {'label': 'I', 'type': []}, 'predicate': {'label': 'love', 'type': []}, 'object': {'label': 'Indian food', 'type': []}, 'perspective': {}, 'context_id': None, 'date': '2022-02-19T01:26:36.928670', 'place': '', 'place_id': None, 'country': '', 'region': '', 'city': '', 'objects': [], 'people': []}]"
39,Rishvik_Chandel,I did not know that! I had never heard about indian food before!,,"[{'chat': 105, 'turn': 38, 'author': 'Leolani', 'utterance': 'I did not know that! I had never heard about indian food before!', 'utterance_type': 'STATEMENT', 'position': '0-64', 'subject': {'label': 'I', 'type': []}, 'predicate': {'label': 'had heard about', 'type': []}, 'object': {'label': 'indian food', 'type': []}, 'perspective': {}, 'context_id': None, 'date': '2022-02-19T01:26:43.362275', 'place': '', 'place_id': None, 'country': '', 'region': '', 'city': '', 'objects': [], 'people': []}, {'chat': 105, 'turn': 38, 'author': 'Leolani', 'utterance': 'I did not know that! I had never heard about indian food before!', 'utterance_type': 'STATEMENT', 'position': '0-64', 'subject': {'label': 'I', 'type': []}, 'predicate': {'label': 'had heard about', 'type': []}, 'object': {'label': 'food', 'type': []}, 'perspective': {}, 'context_id': None, 'date': '2022-02-19T01:26:43.362275', 'place': '', 'place_id': None, 'country': '', 'region': '', 'city': '', 'objects': [], 'people': []}, {'chat': 105, 'turn': 38, 'author': 'Leolani', 'utterance': 'I did not know that! I had never heard about indian food before!', 'utterance_type': 'STATEMENT', 'position': '0-64', 'subject': {'label': 'I', 'type': []}, 'predicate': {'label': 'had heard before about', 'type': []}, 'object': {'label': 'indian food', 'type': []}, 'perspective': {}, 'context_id': None, 'date': '2022-02-19T01:26:43.362275', 'place': '', 'place_id': None, 'country': '', 'region': '', 'city': '', 'objects': [], 'people': []}, {'chat': 105, 'turn': 38, 'author': 'Leolani', 'utterance': 'I did not know that! I had never heard about indian food before!', 'utterance_type': 'STATEMENT', 'position': '0-64', 'subject': {'label': 'I', 'type': []}, 'predicate': {'label': 'had heard before about', 'type': []}, 'object': {'label': 'food', 'type': []}, 'perspective': {}, 'context_id': None, 'date': '2022-02-19T01:26:43.362275', 'place': '', 'place_id': None, 'country': '', 'region': '', 'city': '', 'objects': [], 'people': []}]"
40,Leolani2,Butter Chicken is a India food ,,"[{'chat': 105, 'turn': 39, 'author': 'Leolani', 'utterance': 'Butter Chicken is a India food ', 'utterance_type': 'STATEMENT', 'position': '0-31', 'subject': {'label': 'Butter Chicken', 'type': []}, 'predicate': {'label': 'is', 'type': []}, 'object': {'label': 'India food', 'type': []}, 'perspective': {}, 'context_id': None, 'date': '2022-02-19T01:26:49.900674', 'place': '', 'place_id': None, 'country': '', 'region': '', 'city': '', 'objects': [], 'people': []}]"
41,Rishvik_Chandel,In this economy?,,
42,Leolani2,Lion is a animal,,"[{'chat': 105, 'turn': 41, 'author': 'Leolani', 'utterance': 'Lion is a animal', 'utterance_type': 'STATEMENT', 'position': '0-16', 'subject': {'label': 'Lion', 'type': []}, 'predicate': {'label': 'is', 'type': []}, 'object': {'label': 'animal', 'type': []}, 'perspective': {}, 'context_id': None, 'date': '2022-02-19T01:27:02.821877', 'place': '', 'place_id': None, 'country': '', 'region': '', 'city': '', 'objects': [], 'people': []}]"
43,Rishvik_Chandel,I did not know that! I had never heard about a animal before!,,"[{'chat': 105, 'turn': 42, 'author': 'Leolani', 'utterance': 'I did not know that! I had never heard about a animal before!', 'utterance_type': 'STATEMENT', 'position': '0-61', 'subject': {'label': 'I', 'type': []}, 'predicate': {'label': 'had heard before about', 'type': []}, 'object': {'label': 'animal', 'type': []}, 'perspective': {}, 'context_id': None, 'date': '2022-02-19T01:27:09.373873', 'place': '', 'place_id': None, 'country': '', 'region': '', 'city': '', 'objects': [], 'people': []}, {'chat': 105, 'turn': 42, 'author': 'Leolani', 'utterance': 'I did not know that! I had never heard about a animal before!', 'utterance_type': 'STATEMENT', 'position': '0-61', 'subject': {'label': 'I', 'type': []}, 'predicate': {'label': 'had heard about', 'type': []}, 'object': {'label': 'animal', 'type': []}, 'perspective': {}, 'context_id': None, 'date': '2022-02-19T01:27:09.373873', 'place': '', 'place_id': None, 'country': '', 'region': '', 'city': '', 'objects': [], 'people': []}]"
44,Leolani2,who is a animal,,
45,Rishvik_Chandel,Rishvik Chandel told me lion is a animal,,"[{'chat': 105, 'turn': 44, 'author': 'Leolani', 'utterance': 'Rishvik Chandel told me lion is a animal', 'utterance_type': 'STATEMENT', 'position': '0-40', 'subject': {'label': 'Rishvik Chandel', 'type': []}, 'predicate': {'label': 'told', 'type': []}, 'object': {'label': 'lion', 'type': []}, 'perspective': {}, 'context_id': None, 'date': '2022-02-19T01:27:22.415241', 'place': '', 'place_id': None, 'country': '', 'region': '', 'city': '', 'objects': [], 'people': []}, {'chat': 105, 'turn': 44, 'author': 'Leolani', 'utterance': 'Rishvik Chandel told me lion is a animal', 'utterance_type': 'STATEMENT', 'position': '0-40', 'subject': {'label': 'Rishvik Chandel', 'type': []}, 'predicate': {'label': 'told', 'type': []}, 'object': {'label': 'me', 'type': []}, 'perspective': {}, 'context_id': None, 'date': '2022-02-19T01:27:22.415241', 'place': '', 'place_id': None, 'country': '', 'region': '', 'city': '', 'objects': [], 'people': []}]"
46,Leolani2,lion is a king of jungle ,,"[{'chat': 105, 'turn': 45, 'author': 'Leolani', 'utterance': 'lion is a king of jungle ', 'utterance_type': 'STATEMENT', 'position': '0-25', 'subject': {'label': 'lion', 'type': []}, 'predicate': {'label': 'is king of', 'type': []}, 'object': {'label': 'jungle', 'type': []}, 'perspective': {}, 'context_id': None, 'date': '2022-02-19T01:27:28.863083', 'place': '', 'place_id': None, 'country': '', 'region': '', 'city': '', 'objects': [], 'people': []}, {'chat': 105, 'turn': 45, 'author': 'Leolani', 'utterance': 'lion is a king of jungle ', 'utterance_type': 'STATEMENT', 'position': '0-25', 'subject': {'label': 'lion', 'type': []}, 'predicate': {'label': 'is', 'type': []}, 'object': {'label': 'king', 'type': []}, 'perspective': {}, 'context_id': None, 'date': '2022-02-19T01:27:28.863083', 'place': '', 'place_id': None, 'country': '', 'region': '', 'city': '', 'objects': [], 'people': []}]"
47,Rishvik_Chandel,Great! Did you know that lion also be a animal,,"[{'chat': 105, 'turn': 46, 'author': 'Leolani', 'utterance': 'Great! Did you know that lion also be a animal', 'utterance_type': 'STATEMENT', 'position': '0-46', 'subject': {'label': 'lion', 'type': []}, 'predicate': {'label': 'be', 'type': []}, 'object': {'label': 'also animal', 'type': []}, 'perspective': {}, 'context_id': None, 'date': '2022-02-19T01:27:35.535528', 'place': '', 'place_id': None, 'country': '', 'region': '', 'city': '', 'objects': [], 'people': []}, {'chat': 105, 'turn': 46, 'author': 'Leolani', 'utterance': 'Great! Did you know that lion also be a animal', 'utterance_type': 'STATEMENT', 'position': '0-46', 'subject': {'label': 'lion', 'type': []}, 'predicate': {'label': 'be', 'type': []}, 'object': {'label': 'animal', 'type': []}, 'perspective': {}, 'context_id': None, 'date': '2022-02-19T01:27:35.535528', 'place': '', 'place_id': None, 'country': '', 'region': '', 'city': '', 'objects': [], 'people': []}]"
48,Leolani2,yes I know that ,,
49,Rishvik_Chandel,Interesting,,
50,Leolani2,who is the king of jungle ,,
51,Rishvik_Chandel,I don't know,,
52,Leolani2,bye ,,
53,Rishvik_Chandel,"Be that as it may, still may it be as it may be",,
54,Leolani2,bye ,,
55,Rishvik_Chandel,... just like in my dream,,
56,Leolani2,stop,,
57,Leolani2,"But, why?",,
58,,What's new? What is your name? Stranger?,,
59,,Pauline,,
60,,So your name is Pauline?,,"[{'chat': 105, 'turn': 59, 'author': 'Leolani', 'utterance': 'So your name is Pauline?', 'utterance_type': 'STATEMENT', 'position': '0-24', 'subject': {'label': 'your name', 'type': []}, 'predicate': {'label': 'is', 'type': []}, 'object': {'label': 'Pauline', 'type': []}, 'perspective': {}, 'context_id': None, 'date': '2022-02-19T01:28:59.653104', 'place': '', 'place_id': None, 'country': '', 'region': '', 'city': '', 'objects': [], 'people': []}, {'chat': 105, 'turn': 59, 'author': 'Leolani', 'utterance': 'So your name is Pauline?', 'utterance_type': 'STATEMENT', 'position': '0-24', 'subject': {'label': 'your name', 'type': []}, 'predicate': {'label': 'is', 'type': []}, 'object': {'label': 'So Pauline', 'type': []}, 'perspective': {}, 'context_id': None, 'date': '2022-02-19T01:28:59.653104', 'place': '', 'place_id': None, 'country': '', 'region': '', 'city': '', 'objects': [], 'people': []}]"
61,Leolani2,yes,,
62,stranger,"Tell me anything, I love learning things",,"[{'chat': 105, 'turn': 61, 'author': 'Leolani', 'utterance': 'Tell me anything, I love learning things', 'utterance_type': 'STATEMENT', 'position': '0-40', 'subject': {'label': 'I', 'type': []}, 'predicate': {'label': 'love', 'type': []}, 'object': {'label': 'things', 'type': []}, 'perspective': {}, 'context_id': None, 'date': '2022-02-19T01:29:12.625313', 'place': '', 'place_id': None, 'country': '', 'region': '', 'city': '', 'objects': [], 'people': []}, {'chat': 105, 'turn': 61, 'author': 'Leolani', 'utterance': 'Tell me anything, I love learning things', 'utterance_type': 'STATEMENT', 'position': '0-40', 'subject': {'label': 'I', 'type': []}, 'predicate': {'label': 'love', 'type': []}, 'object': {'label': 'learning things', 'type': []}, 'perspective': {}, 'context_id': None, 'date': '2022-02-19T01:29:12.625313', 'place': '', 'place_id': None, 'country': '', 'region': '', 'city': '', 'objects': [], 'people': []}]"
63,Leolani2,I am from Amsterdam ,,"[{'chat': 105, 'turn': 62, 'author': 'Leolani', 'utterance': 'I am from Amsterdam ', 'utterance_type': 'STATEMENT', 'position': '0-20', 'subject': {'label': 'I', 'type': []}, 'predicate': {'label': 'am from', 'type': []}, 'object': {'label': 'Amsterdam', 'type': []}, 'perspective': {}, 'context_id': None, 'date': '2022-02-19T01:29:19.116313', 'place': '', 'place_id': None, 'country': '', 'region': '', 'city': '', 'objects': [], 'people': []}]"
64,stranger,Let me ask you something. Has pauline live in location?,,"[{'chat': 105, 'turn': 63, 'author': 'Leolani', 'utterance': 'Let me ask you something. Has pauline live in location?', 'utterance_type': 'STATEMENT', 'position': '0-55', 'subject': {'label': 'me', 'type': []}, 'predicate': {'label': 'ask', 'type': []}, 'object': {'label': 'you', 'type': []}, 'perspective': {}, 'context_id': None, 'date': '2022-02-19T01:29:25.592387', 'place': '', 'place_id': None, 'country': '', 'region': '', 'city': '', 'objects': [], 'people': []}, {'chat': 105, 'turn': 63, 'author': 'Leolani', 'utterance': 'Let me ask you something. Has pauline live in location?', 'utterance_type': 'STATEMENT', 'position': '0-55', 'subject': {'label': 'me', 'type': []}, 'predicate': {'label': 'ask', 'type': []}, 'object': {'label': 'something', 'type': []}, 'perspective': {}, 'context_id': None, 'date': '2022-02-19T01:29:25.592387', 'place': '', 'place_id': None, 'country': '', 'region': '', 'city': '', 'objects': [], 'people': []}]"
65,Leolani2,yes I live in Amsterdam ,,"[{'chat': 105, 'turn': 64, 'author': 'Leolani', 'utterance': 'yes I live in Amsterdam ', 'utterance_type': 'STATEMENT', 'position': '0-24', 'subject': {'label': 'I', 'type': []}, 'predicate': {'label': 'live in', 'type': []}, 'object': {'label': 'Amsterdam', 'type': []}, 'perspective': {}, 'context_id': None, 'date': '2022-02-19T01:29:32.093541', 'place': '', 'place_id': None, 'country': '', 'region': '', 'city': '', 'objects': [], 'people': []}]"
66,stranger,"I do not know, but I have a joke Insomnia is awful. But on the plus side, only three more sleeps till Christmas.",,
67,Leolani2,who is a animal?,,
68,stranger,Rishvik Chandel told me lion is a animal,,"[{'chat': 105, 'turn': 67, 'author': 'Leolani', 'utterance': 'Rishvik Chandel told me lion is a animal', 'utterance_type': 'STATEMENT', 'position': '0-40', 'subject': {'label': 'Rishvik Chandel', 'type': []}, 'predicate': {'label': 'told', 'type': []}, 'object': {'label': 'lion', 'type': []}, 'perspective': {}, 'context_id': None, 'date': '2022-02-19T01:29:51.762472', 'place': '', 'place_id': None, 'country': '', 'region': '', 'city': '', 'objects': [], 'people': []}, {'chat': 105, 'turn': 67, 'author': 'Leolani', 'utterance': 'Rishvik Chandel told me lion is a animal', 'utterance_type': 'STATEMENT', 'position': '0-40', 'subject': {'label': 'Rishvik Chandel', 'type': []}, 'predicate': {'label': 'told', 'type': []}, 'object': {'label': 'me', 'type': []}, 'perspective': {}, 'context_id': None, 'date': '2022-02-19T01:29:51.762472', 'place': '', 'place_id': None, 'country': '', 'region': '', 'city': '', 'objects': [], 'people': []}]"
69,Leolani2,Crow is a bird ,,"[{'chat': 105, 'turn': 68, 'author': 'Leolani', 'utterance': 'Crow is a bird ', 'utterance_type': 'STATEMENT', 'position': '0-15', 'subject': {'label': 'Crow', 'type': []}, 'predicate': {'label': 'is', 'type': []}, 'object': {'label': 'bird', 'type': []}, 'perspective': {}, 'context_id': None, 'date': '2022-02-19T01:29:58.281794', 'place': '', 'place_id': None, 'country': '', 'region': '', 'city': '', 'objects': [], 'people': []}]"
70,stranger,"I just learned something, I did not know anybody who be a bird",,
71,Leolani2,parrot is a bird,,"[{'chat': 105, 'turn': 70, 'author': 'Leolani', 'utterance': 'parrot is a bird', 'utterance_type': 'STATEMENT', 'position': '0-16', 'subject': {'label': 'parrot', 'type': []}, 'predicate': {'label': 'is', 'type': []}, 'object': {'label': 'bird', 'type': []}, 'perspective': {}, 'context_id': None, 'date': '2022-02-19T01:30:11.378770', 'place': '', 'place_id': None, 'country': '', 'region': '', 'city': '', 'objects': [], 'people': []}]"
72,stranger,Let me ask you something. What types can parrot be,,"[{'chat': 105, 'turn': 71, 'author': 'Leolani', 'utterance': 'Let me ask you something. What types can parrot be', 'utterance_type': 'STATEMENT', 'position': '0-50', 'subject': {'label': 'me', 'type': []}, 'predicate': {'label': 'ask', 'type': []}, 'object': {'label': 'you', 'type': []}, 'perspective': {}, 'context_id': None, 'date': '2022-02-19T01:30:17.841807', 'place': '', 'place_id': None, 'country': '', 'region': '', 'city': '', 'objects': [], 'people': []}, {'chat': 105, 'turn': 71, 'author': 'Leolani', 'utterance': 'Let me ask you something. What types can parrot be', 'utterance_type': 'STATEMENT', 'position': '0-50', 'subject': {'label': 'me', 'type': []}, 'predicate': {'label': 'ask', 'type': []}, 'object': {'label': 'something', 'type': []}, 'perspective': {}, 'context_id': None, 'date': '2022-02-19T01:30:17.841807', 'place': '', 'place_id': None, 'country': '', 'region': '', 'city': '', 'objects': [], 'people': []}]"
73,Leolani2,parrot is a bird,,"[{'chat': 105, 'turn': 72, 'author': 'Leolani', 'utterance': 'parrot is a bird', 'utterance_type': 'STATEMENT', 'position': '0-16', 'subject': {'label': 'parrot', 'type': []}, 'predicate': {'label': 'is', 'type': []}, 'object': {'label': 'bird', 'type': []}, 'perspective': {}, 'context_id': None, 'date': '2022-02-19T01:30:24.389844', 'place': '', 'place_id': None, 'country': '', 'region': '', 'city': '', 'objects': [], 'people': []}]"
74,stranger,I am glad to have learned something new. I had never heard about a bird before!,,"[{'chat': 105, 'turn': 73, 'author': 'Leolani', 'utterance': 'I am glad to have learned something new. I had never heard about a bird before!', 'utterance_type': 'STATEMENT', 'position': '0-79', 'subject': {'label': 'I', 'type': []}, 'predicate': {'label': 'had heard before about', 'type': []}, 'object': {'label': 'bird', 'type': []}, 'perspective': {}, 'context_id': None, 'date': '2022-02-19T01:30:30.857231', 'place': '', 'place_id': None, 'country': '', 'region': '', 'city': '', 'objects': [], 'people': []}, {'chat': 105, 'turn': 73, 'author': 'Leolani', 'utterance': 'I am glad to have learned something new. I had never heard about a bird before!', 'utterance_type': 'STATEMENT', 'position': '0-79', 'subject': {'label': 'I', 'type': []}, 'predicate': {'label': 'learned', 'type': []}, 'object': {'label': 'something new', 'type': []}, 'perspective': {}, 'context_id': None, 'date': '2022-02-19T01:30:30.857231', 'place': '', 'place_id': None, 'country': '', 'region': '', 'city': '', 'objects': [], 'people': []}, {'chat': 105, 'turn': 73, 'author': 'Leolani', 'utterance': 'I am glad to have learned something new. I had never heard about a bird before!', 'utterance_type': 'STATEMENT', 'position': '0-79', 'subject': {'label': 'I', 'type': []}, 'predicate': {'label': 'am', 'type': []}, 'object': {'label': 'glad', 'type': []}, 'perspective': {}, 'context_id': None, 'date': '2022-02-19T01:30:30.857231', 'place': '', 'place_id': None, 'country': '', 'region': '', 'city': '', 'objects': [], 'people': []}, {'chat': 105, 'turn': 73, 'author': 'Leolani', 'utterance': 'I am glad to have learned something new. I had never heard about a bird before!', 'utterance_type': 'STATEMENT', 'position': '0-79', 'subject': {'label': 'I', 'type': []}, 'predicate': {'label': 'learned', 'type': []}, 'object': {'label': 'something', 'type': []}, 'perspective': {}, 'context_id': None, 'date': '2022-02-19T01:30:30.857231', 'place': '', 'place_id': None, 'country': '', 'region': '', 'city': '', 'objects': [], 'people': []}, {'chat': 105, 'turn': 73, 'author': 'Leolani', 'utterance': 'I am glad to have learned something new. I had never heard about a bird before!', 'utterance_type': 'STATEMENT', 'position': '0-79', 'subject': {'label': 'I', 'type': []}, 'predicate': {'label': 'had heard about', 'type': []}, 'object': {'label': 'bird', 'type': []}, 'perspective': {}, 'context_id': None, 'date': '2022-02-19T01:30:30.857231', 'place': '', 'place_id': None, 'country': '', 'region': '', 'city': '', 'objects': [], 'people': []}]"
75,Leolani2,who is a bird,,
76,stranger,you told me crow is a bird and that parrot is a bird,,"[{'chat': 105, 'turn': 75, 'author': 'Leolani', 'utterance': 'you told me crow is a bird and that parrot is a bird', 'utterance_type': 'STATEMENT', 'position': '0-52', 'subject': {'label': 'you', 'type': []}, 'predicate': {'label': 'told', 'type': []}, 'object': {'label': 'me', 'type': []}, 'perspective': {}, 'context_id': None, 'date': '2022-02-19T01:30:43.829434', 'place': '', 'place_id': None, 'country': '', 'region': '', 'city': '', 'objects': [], 'people': []}, {'chat': 105, 'turn': 75, 'author': 'Leolani', 'utterance': 'you told me crow is a bird and that parrot is a bird', 'utterance_type': 'STATEMENT', 'position': '0-52', 'subject': {'label': 'you', 'type': []}, 'predicate': {'label': 'told', 'type': []}, 'object': {'label': 'crow', 'type': []}, 'perspective': {}, 'context_id': None, 'date': '2022-02-19T01:30:43.829434', 'place': '', 'place_id': None, 'country': '', 'region': '', 'city': '', 'objects': [], 'people': []}, {'chat': 105, 'turn': 75, 'author': 'Leolani', 'utterance': 'you told me crow is a bird and that parrot is a bird', 'utterance_type': 'STATEMENT', 'position': '0-52', 'subject': {'label': 'parrot', 'type': []}, 'predicate': {'label': 'is', 'type': []}, 'object': {'label': 'bird', 'type': []}, 'perspective': {}, 'context_id': None, 'date': '2022-02-19T01:30:43.829434', 'place': '', 'place_id': None, 'country': '', 'region': '', 'city': '', 'objects': [], 'people': []}]"
77,Leolani2,who loves Indian food ,,
78,stranger,I have no idea.,,
79,Leolani2,I live in Amsterdam ,,"[{'chat': 105, 'turn': 78, 'author': 'Leolani', 'utterance': 'I live in Amsterdam ', 'utterance_type': 'STATEMENT', 'position': '0-20', 'subject': {'label': 'I', 'type': []}, 'predicate': {'label': 'live in', 'type': []}, 'object': {'label': 'Amsterdam', 'type': []}, 'perspective': {}, 'context_id': None, 'date': '2022-02-19T01:31:03.346499', 'place': '', 'place_id': None, 'country': '', 'region': '', 'city': '', 'objects': [], 'people': []}]"
80,stranger,I would like to know. Has amsterdam in by a country?,,"[{'chat': 105, 'turn': 79, 'author': 'Leolani', 'utterance': 'I would like to know. Has amsterdam in by a country?', 'utterance_type': 'STATEMENT', 'position': '0-52', 'subject': {'label': 'I', 'type': []}, 'predicate': {'label': 'would like', 'type': []}, 'object': {'label': 'know', 'type': []}, 'perspective': {}, 'context_id': None, 'date': '2022-02-19T01:31:09.875128', 'place': '', 'place_id': None, 'country': '', 'region': '', 'city': '', 'objects': [], 'people': []}, {'chat': 105, 'turn': 79, 'author': 'Leolani', 'utterance': 'I would like to know. Has amsterdam in by a country?', 'utterance_type': 'STATEMENT', 'position': '0-52', 'subject': {'label': 'I', 'type': []}, 'predicate': {'label': 'would like', 'type': []}, 'object': {'label': 'to know', 'type': []}, 'perspective': {}, 'context_id': None, 'date': '2022-02-19T01:31:09.875128', 'place': '', 'place_id': None, 'country': '', 'region': '', 'city': '', 'objects': [], 'people': []}]"
81,Leolani2,Amsterdam is a city in Netherlands ,,"[{'chat': 105, 'turn': 80, 'author': 'Leolani', 'utterance': 'Amsterdam is a city in Netherlands ', 'utterance_type': 'STATEMENT', 'position': '0-35', 'subject': {'label': 'city', 'type': []}, 'predicate': {'label': 'is in', 'type': []}, 'object': {'label': 'Netherlands', 'type': []}, 'perspective': {}, 'context_id': None, 'date': '2022-02-19T01:31:16.417317', 'place': '', 'place_id': None, 'country': '', 'region': '', 'city': '', 'objects': [], 'people': []}, {'chat': 105, 'turn': 80, 'author': 'Leolani', 'utterance': 'Amsterdam is a city in Netherlands ', 'utterance_type': 'STATEMENT', 'position': '0-35', 'subject': {'label': 'Amsterdam', 'type': []}, 'predicate': {'label': 'is', 'type': []}, 'object': {'label': 'city', 'type': []}, 'perspective': {}, 'context_id': None, 'date': '2022-02-19T01:31:16.417317', 'place': '', 'place_id': None, 'country': '', 'region': '', 'city': '', 'objects': [], 'people': []}, {'chat': 105, 'turn': 80, 'author': 'Leolani', 'utterance': 'Amsterdam is a city in Netherlands ', 'utterance_type': 'STATEMENT', 'position': '0-35', 'subject': {'label': 'Amsterdam', 'type': []}, 'predicate': {'label': 'is city in', 'type': []}, 'object': {'label': 'Netherlands', 'type': []}, 'perspective': {}, 'context_id': None, 'date': '2022-02-19T01:31:16.417317', 'place': '', 'place_id': None, 'country': '', 'region': '', 'city': '', 'objects': [], 'people': []}]"
82,stranger,If you don't mind me asking. What types can amsterdam be,,
83,Leolani2,Amsterdam is a city ,,"[{'chat': 105, 'turn': 82, 'author': 'Leolani', 'utterance': 'Amsterdam is a city ', 'utterance_type': 'STATEMENT', 'position': '0-20', 'subject': {'label': 'Amsterdam', 'type': []}, 'predicate': {'label': 'is', 'type': []}, 'object': {'label': 'city', 'type': []}, 'perspective': {}, 'context_id': None, 'date': '2022-02-19T01:31:29.482872', 'place': '', 'place_id': None, 'country': '', 'region': '', 'city': '', 'objects': [], 'people': []}]"
84,stranger,I would like to know. What types can amsterdam be,,"[{'chat': 105, 'turn': 83, 'author': 'Leolani', 'utterance': 'I would like to know. What types can amsterdam be', 'utterance_type': 'STATEMENT', 'position': '0-49', 'subject': {'label': 'I', 'type': []}, 'predicate': {'label': 'would like', 'type': []}, 'object': {'label': 'know', 'type': []}, 'perspective': {}, 'context_id': None, 'date': '2022-02-19T01:31:35.920364', 'place': '', 'place_id': None, 'country': '', 'region': '', 'city': '', 'objects': [], 'people': []}, {'chat': 105, 'turn': 83, 'author': 'Leolani', 'utterance': 'I would like to know. What types can amsterdam be', 'utterance_type': 'STATEMENT', 'position': '0-49', 'subject': {'label': 'I', 'type': []}, 'predicate': {'label': 'would like', 'type': []}, 'object': {'label': 'to know', 'type': []}, 'perspective': {}, 'context_id': None, 'date': '2022-02-19T01:31:35.920364', 'place': '', 'place_id': None, 'country': '', 'region': '', 'city': '', 'objects': [], 'people': []}]"
85,Leolani2,Amsterdam is in Netherlands,,"[{'chat': 105, 'turn': 84, 'author': 'Leolani', 'utterance': 'Amsterdam is in Netherlands', 'utterance_type': 'STATEMENT', 'position': '0-27', 'subject': {'label': 'Amsterdam', 'type': []}, 'predicate': {'label': 'is in', 'type': []}, 'object': {'label': 'Netherlands', 'type': []}, 'perspective': {}, 'context_id': None, 'date': '2022-02-19T01:31:42.450456', 'place': '', 'place_id': None, 'country': '', 'region': '', 'city': '', 'objects': [], 'people': []}]"
86,stranger,If you don't mind me asking. Has a person ever born in netherlands?,,
87,Leolani2,I was born in Netherlands ,,"[{'chat': 105, 'turn': 86, 'author': 'Leolani', 'utterance': 'I was born in Netherlands ', 'utterance_type': 'STATEMENT', 'position': '0-26', 'subject': {'label': 'I', 'type': []}, 'predicate': {'label': 'was', 'type': []}, 'object': {'label': 'born', 'type': []}, 'perspective': {}, 'context_id': None, 'date': '2022-02-19T01:31:55.527255', 'place': '', 'place_id': None, 'country': '', 'region': '', 'city': '', 'objects': [], 'people': []}, {'chat': 105, 'turn': 86, 'author': 'Leolani', 'utterance': 'I was born in Netherlands ', 'utterance_type': 'STATEMENT', 'position': '0-26', 'subject': {'label': 'I', 'type': []}, 'predicate': {'label': 'was born in', 'type': []}, 'object': {'label': 'Netherlands', 'type': []}, 'perspective': {}, 'context_id': None, 'date': '2022-02-19T01:31:55.527255', 'place': '', 'place_id': None, 'country': '', 'region': '', 'city': '', 'objects': [], 'people': []}]"
88,stranger,Let me ask you something. Has pauline ever read by a book?,,"[{'chat': 105, 'turn': 87, 'author': 'Leolani', 'utterance': 'Let me ask you something. Has pauline ever read by a book?', 'utterance_type': 'STATEMENT', 'position': '0-58', 'subject': {'label': 'pauline', 'type': []}, 'predicate': {'label': 'Has ever read by', 'type': []}, 'object': {'label': 'book', 'type': []}, 'perspective': {}, 'context_id': None, 'date': '2022-02-19T01:32:02.034456', 'place': '', 'place_id': None, 'country': '', 'region': '', 'city': '', 'objects': [], 'people': []}, {'chat': 105, 'turn': 87, 'author': 'Leolani', 'utterance': 'Let me ask you something. Has pauline ever read by a book?', 'utterance_type': 'STATEMENT', 'position': '0-58', 'subject': {'label': 'me', 'type': []}, 'predicate': {'label': 'ask', 'type': []}, 'object': {'label': 'you', 'type': []}, 'perspective': {}, 'context_id': None, 'date': '2022-02-19T01:32:02.034456', 'place': '', 'place_id': None, 'country': '', 'region': '', 'city': '', 'objects': [], 'people': []}, {'chat': 105, 'turn': 87, 'author': 'Leolani', 'utterance': 'Let me ask you something. Has pauline ever read by a book?', 'utterance_type': 'STATEMENT', 'position': '0-58', 'subject': {'label': 'pauline', 'type': []}, 'predicate': {'label': 'Has read by', 'type': []}, 'object': {'label': 'book', 'type': []}, 'perspective': {}, 'context_id': None, 'date': '2022-02-19T01:32:02.034456', 'place': '', 'place_id': None, 'country': '', 'region': '', 'city': '', 'objects': [], 'people': []}, {'chat': 105, 'turn': 87, 'author': 'Leolani', 'utterance': 'Let me ask you something. Has pauline ever read by a book?', 'utterance_type': 'STATEMENT', 'position': '0-58', 'subject': {'label': 'me', 'type': []}, 'predicate': {'label': 'ask', 'type': []}, 'object': {'label': 'something', 'type': []}, 'perspective': {}, 'context_id': None, 'date': '2022-02-19T01:32:02.034456', 'place': '', 'place_id': None, 'country': '', 'region': '', 'city': '', 'objects': [], 'people': []}]"
89,Leolani2,I love reading books ,,"[{'chat': 105, 'turn': 88, 'author': 'Leolani', 'utterance': 'I love reading books ', 'utterance_type': 'STATEMENT', 'position': '0-21', 'subject': {'label': 'I', 'type': []}, 'predicate': {'label': 'love', 'type': []}, 'object': {'label': 'reading books', 'type': []}, 'perspective': {}, 'context_id': None, 'date': '2022-02-19T01:32:08.669041', 'place': '', 'place_id': None, 'country': '', 'region': '', 'city': '', 'objects': [], 'people': []}, {'chat': 105, 'turn': 88, 'author': 'Leolani', 'utterance': 'I love reading books ', 'utterance_type': 'STATEMENT', 'position': '0-21', 'subject': {'label': 'I', 'type': []}, 'predicate': {'label': 'love', 'type': []}, 'object': {'label': 'books', 'type': []}, 'perspective': {}, 'context_id': None, 'date': '2022-02-19T01:32:08.669041', 'place': '', 'place_id': None, 'country': '', 'region': '', 'city': '', 'objects': [], 'people': []}]"
90,stranger,"I just learned something, I had never heard about pauline before!",,"[{'chat': 105, 'turn': 89, 'author': 'Leolani', 'utterance': 'I just learned something, I had never heard about pauline before!', 'utterance_type': 'STATEMENT', 'position': '0-65', 'subject': {'label': 'I', 'type': []}, 'predicate': {'label': 'had heard before about', 'type': []}, 'object': {'label': 'pauline', 'type': []}, 'perspective': {}, 'context_id': None, 'date': '2022-02-19T01:32:15.206001', 'place': '', 'place_id': None, 'country': '', 'region': '', 'city': '', 'objects': [], 'people': []}, {'chat': 105, 'turn': 89, 'author': 'Leolani', 'utterance': 'I just learned something, I had never heard about pauline before!', 'utterance_type': 'STATEMENT', 'position': '0-65', 'subject': {'label': 'I', 'type': []}, 'predicate': {'label': 'had heard about', 'type': []}, 'object': {'label': 'pauline', 'type': []}, 'perspective': {}, 'context_id': None, 'date': '2022-02-19T01:32:15.206001', 'place': '', 'place_id': None, 'country': '', 'region': '', 'city': '', 'objects': [], 'people': []}, {'chat': 105, 'turn': 89, 'author': 'Leolani', 'utterance': 'I just learned something, I had never heard about pauline before!', 'utterance_type': 'STATEMENT', 'position': '0-65', 'subject': {'label': 'I', 'type': []}, 'predicate': {'label': 'just learned', 'type': []}, 'object': {'label': 'something', 'type': []}, 'perspective': {}, 'context_id': None, 'date': '2022-02-19T01:32:15.206001', 'place': '', 'place_id': None, 'country': '', 'region': '', 'city': '', 'objects': [], 'people': []}, {'chat': 105, 'turn': 89, 'author': 'Leolani', 'utterance': 'I just learned something, I had never heard about pauline before!', 'utterance_type': 'STATEMENT', 'position': '0-65', 'subject': {'label': 'I', 'type': []}, 'predicate': {'label': 'learned', 'type': []}, 'object': {'label': 'something', 'type': []}, 'perspective': {}, 'context_id': None, 'date': '2022-02-19T01:32:15.206001', 'place': '', 'place_id': None, 'country': '', 'region': '', 'city': '', 'objects': [], 'people': []}]"
91,Leolani2,who loves books ,,
92,stranger,I don't know,,
93,Leolani2,who love reading books,,
94,stranger,you told me pauline love reading books,,"[{'chat': 105, 'turn': 93, 'author': 'Leolani', 'utterance': 'you told me pauline love reading books', 'utterance_type': 'STATEMENT', 'position': '0-38', 'subject': {'label': 'you', 'type': []}, 'predicate': {'label': 'told', 'type': []}, 'object': {'label': 'pauline love reading books', 'type': []}, 'perspective': {}, 'context_id': None, 'date': '2022-02-19T01:32:41.246216', 'place': '', 'place_id': None, 'country': '', 'region': '', 'city': '', 'objects': [], 'people': []}, {'chat': 105, 'turn': 93, 'author': 'Leolani', 'utterance': 'you told me pauline love reading books', 'utterance_type': 'STATEMENT', 'position': '0-38', 'subject': {'label': 'you', 'type': []}, 'predicate': {'label': 'told', 'type': []}, 'object': {'label': 'me', 'type': []}, 'perspective': {}, 'context_id': None, 'date': '2022-02-19T01:32:41.246216', 'place': '', 'place_id': None, 'country': '', 'region': '', 'city': '', 'objects': [], 'people': []}, {'chat': 105, 'turn': 93, 'author': 'Leolani', 'utterance': 'you told me pauline love reading books', 'utterance_type': 'STATEMENT', 'position': '0-38', 'subject': {'label': 'you', 'type': []}, 'predicate': {'label': 'told', 'type': []}, 'object': {'label': 'love reading books', 'type': []}, 'perspective': {}, 'context_id': None, 'date': '2022-02-19T01:32:41.246216', 'place': '', 'place_id': None, 'country': '', 'region': '', 'city': '', 'objects': [], 'people': []}]"
95,Leolani2,I am 23 years old,,"[{'chat': 105, 'turn': 94, 'author': 'Leolani', 'utterance': 'I am 23 years old', 'utterance_type': 'STATEMENT', 'position': '0-17', 'subject': {'label': 'I', 'type': []}, 'predicate': {'label': 'am old', 'type': []}, 'object': {'label': '23 years', 'type': []}, 'perspective': {}, 'context_id': None, 'date': '2022-02-19T01:32:47.766665', 'place': '', 'place_id': None, 'country': '', 'region': '', 'city': '', 'objects': [], 'people': []}]"
96,stranger,I would like to know. Has pauline born in location?,,"[{'chat': 105, 'turn': 95, 'author': 'Leolani', 'utterance': 'I would like to know. Has pauline born in location?', 'utterance_type': 'STATEMENT', 'position': '0-51', 'subject': {'label': 'I', 'type': []}, 'predicate': {'label': 'would like', 'type': []}, 'object': {'label': 'know', 'type': []}, 'perspective': {}, 'context_id': None, 'date': '2022-02-19T01:32:54.292287', 'place': '', 'place_id': None, 'country': '', 'region': '', 'city': '', 'objects': [], 'people': []}, {'chat': 105, 'turn': 95, 'author': 'Leolani', 'utterance': 'I would like to know. Has pauline born in location?', 'utterance_type': 'STATEMENT', 'position': '0-51', 'subject': {'label': 'pauline', 'type': []}, 'predicate': {'label': 'Has born in', 'type': []}, 'object': {'label': 'location', 'type': []}, 'perspective': {}, 'context_id': None, 'date': '2022-02-19T01:32:54.292287', 'place': '', 'place_id': None, 'country': '', 'region': '', 'city': '', 'objects': [], 'people': []}, {'chat': 105, 'turn': 95, 'author': 'Leolani', 'utterance': 'I would like to know. Has pauline born in location?', 'utterance_type': 'STATEMENT', 'position': '0-51', 'subject': {'label': 'I', 'type': []}, 'predicate': {'label': 'would like', 'type': []}, 'object': {'label': 'to know', 'type': []}, 'perspective': {}, 'context_id': None, 'date': '2022-02-19T01:32:54.292287', 'place': '', 'place_id': None, 'country': '', 'region': '', 'city': '', 'objects': [], 'people': []}]"
97,Leolani2,I was born in Amsterdam ,,"[{'chat': 105, 'turn': 96, 'author': 'Leolani', 'utterance': 'I was born in Amsterdam ', 'utterance_type': 'STATEMENT', 'position': '0-24', 'subject': {'label': 'I', 'type': []}, 'predicate': {'label': 'was', 'type': []}, 'object': {'label': 'born', 'type': []}, 'perspective': {}, 'context_id': None, 'date': '2022-02-19T01:33:00.786662', 'place': '', 'place_id': None, 'country': '', 'region': '', 'city': '', 'objects': [], 'people': []}, {'chat': 105, 'turn': 96, 'author': 'Leolani', 'utterance': 'I was born in Amsterdam ', 'utterance_type': 'STATEMENT', 'position': '0-24', 'subject': {'label': 'I', 'type': []}, 'predicate': {'label': 'was born in', 'type': []}, 'object': {'label': 'Amsterdam', 'type': []}, 'perspective': {}, 'context_id': None, 'date': '2022-02-19T01:33:00.786662', 'place': '', 'place_id': None, 'country': '', 'region': '', 'city': '', 'objects': [], 'people': []}]"
98,stranger,Amazing! Did you know that pauline also bear in netherlands,,"[{'chat': 105, 'turn': 97, 'author': 'Leolani', 'utterance': 'Amazing! Did you know that pauline also bear in netherlands', 'utterance_type': 'STATEMENT', 'position': '0-59', 'subject': {'label': 'pauline', 'type': []}, 'predicate': {'label': 'bear in', 'type': []}, 'object': {'label': 'netherlands', 'type': []}, 'perspective': {}, 'context_id': None, 'date': '2022-02-19T01:33:07.295328', 'place': '', 'place_id': None, 'country': '', 'region': '', 'city': '', 'objects': [], 'people': []}, {'chat': 105, 'turn': 97, 'author': 'Leolani', 'utterance': 'Amazing! Did you know that pauline also bear in netherlands', 'utterance_type': 'STATEMENT', 'position': '0-59', 'subject': {'label': 'pauline', 'type': []}, 'predicate': {'label': 'also bear in', 'type': []}, 'object': {'label': 'netherlands', 'type': []}, 'perspective': {}, 'context_id': None, 'date': '2022-02-19T01:33:07.295328', 'place': '', 'place_id': None, 'country': '', 'region': '', 'city': '', 'objects': [], 'people': []}]"
99,Leolani2,how old I am,,
100,stranger,"I may be ignorant, bu tI don't know.I am sorry, I have no idea",,
101,Leolani2,who lives in amsterdam,,
102,stranger,Rishvik Chandel told me rishvik chandel live in amsterdam and you told me pauline live in amsterdam,,"[{'chat': 105, 'turn': 101, 'author': 'Leolani', 'utterance': 'Rishvik Chandel told me rishvik chandel live in amsterdam and you told me pauline live in amsterdam', 'utterance_type': 'STATEMENT', 'position': '0-99', 'subject': {'label': 'you', 'type': []}, 'predicate': {'label': 'told pauline', 'type': []}, 'object': {'label': 'me', 'type': []}, 'perspective': {}, 'context_id': None, 'date': '2022-02-19T01:33:33.423197', 'place': '', 'place_id': None, 'country': '', 'region': '', 'city': '', 'objects': [], 'people': []}, {'chat': 105, 'turn': 101, 'author': 'Leolani', 'utterance': 'Rishvik Chandel told me rishvik chandel live in amsterdam and you told me pauline live in amsterdam', 'utterance_type': 'STATEMENT', 'position': '0-99', 'subject': {'label': 'you', 'type': []}, 'predicate': {'label': 'told', 'type': []}, 'object': {'label': 'me', 'type': []}, 'perspective': {}, 'context_id': None, 'date': '2022-02-19T01:33:33.423197', 'place': '', 'place_id': None, 'country': '', 'region': '', 'city': '', 'objects': [], 'people': []}, {'chat': 105, 'turn': 101, 'author': 'Leolani', 'utterance': 'Rishvik Chandel told me rishvik chandel live in amsterdam and you told me pauline live in amsterdam', 'utterance_type': 'STATEMENT', 'position': '0-99', 'subject': {'label': 'Rishvik Chandel', 'type': []}, 'predicate': {'label': 'told', 'type': []}, 'object': {'label': 'me', 'type': []}, 'perspective': {}, 'context_id': None, 'date': '2022-02-19T01:33:33.423197', 'place': '', 'place_id': None, 'country': '', 'region': '', 'city': '', 'objects': [], 'people': []}, {'chat': 105, 'turn': 101, 'author': 'Leolani', 'utterance': 'Rishvik Chandel told me rishvik chandel live in amsterdam and you told me pauline live in amsterdam', 'utterance_type': 'STATEMENT', 'position': '0-99', 'subject': {'label': 'you', 'type': []}, 'predicate': {'label': 'live in', 'type': []}, 'object': {'label': 'amsterdam', 'type': []}, 'perspective': {}, 'context_id': None, 'date': '2022-02-19T01:33:33.423197', 'place': '', 'place_id': None, 'country': '', 'region': '', 'city': '', 'objects': [], 'people': []}]"
103,Leolani2,stop,,
